lang,keyword,category,source,added_at
en,how to use ai writing tool for free,question,seed,2026-01-01
en,what is the best free ai image generator,question,seed,2026-01-01
en,is it safe to use free ai apps,question,seed,2026-01-01
en,can i use ai tools without a credit card,question,seed,2026-01-01
en,why is my ai tool trial expired,question,seed,2026-01-01
en,ai writing tool vs human editor,comparison,seed,2026-01-01
en,free ai app alternative to paid plan,comparison,seed,2026-01-01
en,ai image generator vs stock photos,comparison,seed,2026-01-01
en,best ai tool or built in template,comparison,seed,2026-01-01
en,ai tools for beginners step by step,audience,seed,2026-01-01
en,ai tools for students on a budget,audience,seed,2026-01-01
en,ai tools for small business owners,audience,seed,2026-01-01
en,ai apps for freelancers working solo,audience,seed,2026-01-01
en,ai tool free trial no credit card,payment,seed,2026-01-01
en,cheap ai subscription monthly plan,payment,seed,2026-01-01
en,ai tool payment options paypal,payment,seed,2026-01-01
en,free tier limits explained,general,seed,2026-01-01
en,quick setup guide for first time users,general,seed,2026-01-01
en,feature comparison checklist,general,seed,2026-01-01
en,regional availability list,general,seed,2026-01-01
es,como usar una herramienta de ia gratis,question,seed,2026-01-01
es,que es el mejor generador de imagenes con ia,question,seed,2026-01-01
es,es seguro usar aplicaciones de ia gratuitas,question,seed,2026-01-01
es,puedo usar herramientas de ia sin tarjeta,question,seed,2026-01-01
es,por que expiro mi prueba gratuita de ia,question,seed,2026-01-01
es,herramienta de ia vs editor humano,comparison,seed,2026-01-01
es,alternativa gratuita a plan de pago de ia,comparison,seed,2026-01-01
es,generador de imagenes ia vs banco de fotos,comparison,seed,2026-01-01
es,herramientas de ia para principiantes paso a paso,audience,seed,2026-01-01
es,herramientas de ia para estudiantes con poco presupuesto,audience,seed,2026-01-01
es,herramientas de ia para negocios pequenos,audience,seed,2026-01-01
es,apps de ia para freelancers,audience,seed,2026-01-01
es,prueba gratuita de ia sin tarjeta de credito,payment,seed,2026-01-01
es,pagar suscripcion de ia con oxxo,payment,seed,2026-01-01
es,pagar herramienta de ia con spei,payment,seed,2026-01-01
es,suscripcion de ia barata mensual,payment,seed,2026-01-01
es,limites del plan gratuito explicados,general,seed,2026-01-01
es,guia rapida de configuracion inicial,general,seed,2026-01-01
es,lista de disponibilidad por region,general,seed,2026-01-01
id,bagaimana cara pakai alat ai gratis,question,seed,2026-01-01
id,apa generator gambar ai terbaik gratis,question,seed,2026-01-01
id,apakah aman pakai aplikasi ai gratis,question,seed,2026-01-01
id,bisakah pakai alat ai tanpa kartu kredit,question,seed,2026-01-01
id,kenapa uji coba ai saya berakhir,question,seed,2026-01-01
id,alat tulis ai vs editor manusia,comparison,seed,2026-01-01
id,alternatif gratis untuk paket berbayar ai,comparison,seed,2026-01-01
id,generator gambar ai vs foto stok,comparison,seed,2026-01-01
id,alat ai untuk pemula langkah demi langkah,audience,seed,2026-01-01
id,alat ai untuk pelajar hemat biaya,audience,seed,2026-01-01
id,alat ai untuk bisnis kecil,audience,seed,2026-01-01
id,aplikasi ai untuk pekerja lepas,audience,seed,2026-01-01
id,uji coba gratis ai tanpa kartu kredit,payment,seed,2026-01-01
id,bayar langganan ai pakai dana,payment,seed,2026-01-01
id,bayar alat ai pakai gopay,payment,seed,2026-01-01
id,langganan ai murah bulanan,payment,seed,2026-01-01
id,batas paket gratis dijelaskan,general,seed,2026-01-01
id,panduan setup cepat untuk pemula,general,seed,2026-01-01
id,daftar ketersediaan per wilayah,general,seed,2026-01-01
