lang,question,answer,tag
en,"Is {name} available in {region}?","Availability follows the provider's own regional rules, and those rules change over time. The official page lists the current supported locations for {region}.",availability
en,"Does {name} have a free option?","Many listings in this category keep a free tier for basic use and reserve advanced options for paid plans. Check the pricing section on the official page before signing up.",pricing
en,"Which payment methods work in {region}?","Local checkout usually accepts {payments}. The exact list depends on the account type and can differ between web and mobile checkout.",payment
en,"How long does setup take?","For most first-time users the basic setup runs in a few minutes on a phone browser. Extra verification steps can add time depending on the account.",setup
en,"Do I need a credit card to start?","A free tier normally does not require one, while paid upgrades do. Confirm the requirement on the checkout screen before you enter any details.",payment
en,"Is it safe to use {name}?","Treat it like any third-party service: review the privacy page, avoid reusing passwords, and keep sensitive files out of shared workspaces.",safety
en,"What are the main alternatives?","There are usually several comparable options in this category. Compare pricing in {currency}, language support, and regional availability before deciding.",comparison
en,"Is there a mobile version?","Most entries in this list work through a mobile browser, and some ship a dedicated app. Feature parity between the two is not guaranteed.",platform
en,"Can I cancel later?","Paid plans normally allow cancellation from the account settings page. Refund windows vary, so read the terms before upgrading.",pricing
en,"Is the interface in the local language?","Local language strings are common but not universal, and some menus may stay in English. The official page usually lists supported languages.",language
en,"Are prices shown in {currency}?","Pricing display depends on the detected region and the account settings. Cross-border charges may apply if billing uses a different currency.",pricing
en,"How often is this entry updated?","Entries are refreshed when their upstream sources publish changes, so recheck the official page for anything time-sensitive.",meta
en,"Who is this best suited for?","Mostly first-time users who want a quick comparison before committing time or money to one option.",audience
en,"Does it work for small teams?","Small-team use is common on paid tiers, while free tiers usually cap seats or shared workspaces.",audience
en,"What should I check before signing up?","Confirm regional availability, the current price in {currency}, accepted payment routes, and whether the free tier covers your case.",setup
en,"Is there any usage limit?","Free tiers almost always carry rate or volume limits. Heavy use can hit those limits without warning, so plan around them.",limits
es,"¿Está disponible {name} en {region}?","La disponibilidad sigue las reglas regionales del proveedor y esas reglas cambian con el tiempo. La página oficial indica las ubicaciones vigentes para {region}.",availability
es,"¿{name} tiene opción gratuita?","En esta categoría es común un plan gratuito para uso básico y funciones avanzadas en planes de pago. Revisa la sección de precios en la página oficial.",pricing
es,"¿Qué métodos de pago funcionan en {region}?","El pago local suele aceptar {payments}. La lista exacta depende del tipo de cuenta y puede variar entre web y móvil.",payment
es,"¿Cuánto tarda la configuración?","Para la mayoría de usuarios nuevos la configuración básica toma pocos minutos desde el navegador del teléfono. Las verificaciones extra pueden sumar tiempo.",setup
es,"¿Necesito tarjeta para empezar?","El plan gratuito normalmente no la pide; las mejoras de pago sí. Confirma el requisito en la pantalla de pago antes de ingresar datos.",payment
es,"¿Es seguro usar {name}?","Trátalo como cualquier servicio de terceros: revisa la página de privacidad, no reutilices contraseñas y evita subir archivos sensibles a espacios compartidos.",safety
es,"¿Cuáles son las alternativas principales?","Suele haber varias opciones comparables. Compara precios en {currency}, soporte de idioma y disponibilidad regional antes de decidir.",comparison
es,"¿Hay versión móvil?","La mayoría funciona desde el navegador móvil y algunas ofrecen app propia. La paridad de funciones entre ambas no está garantizada.",platform
es,"¿Puedo cancelar después?","Los planes de pago normalmente permiten cancelar desde la configuración de la cuenta. Los plazos de reembolso varían, revisa los términos antes de mejorar el plan.",pricing
es,"¿La interfaz está en español?","El idioma local es habitual pero no universal, y algunos menús pueden quedar en inglés. La página oficial suele listar los idiomas soportados.",language
es,"¿Los precios se muestran en {currency}?","La moneda mostrada depende de la región detectada y de la configuración de la cuenta. Puede haber cargos por conversión si la facturación usa otra moneda.",pricing
es,"¿Con qué frecuencia se actualiza esta ficha?","Las fichas se refrescan cuando las fuentes publican cambios; vuelve a revisar la página oficial para lo que sea sensible al tiempo.",meta
es,"¿Para quién es más útil?","Sobre todo para quien compara opciones por primera vez antes de invertir tiempo o dinero.",audience
es,"¿Sirve para equipos pequeños?","El uso en equipos pequeños es común en planes de pago; los gratuitos suelen limitar usuarios o espacios compartidos.",audience
es,"¿Qué revisar antes de registrarme?","Confirma disponibilidad regional, el precio actual en {currency}, los métodos de pago aceptados y si el plan gratuito cubre tu caso.",setup
es,"¿Hay límites de uso?","Los planes gratuitos casi siempre traen límites de volumen o de frecuencia. El uso intensivo puede topar con ellos sin aviso.",limits
id,"Apakah {name} tersedia di {region}?","Ketersediaan mengikuti aturan regional penyedia dan aturan itu bisa berubah. Halaman resmi mencantumkan lokasi yang didukung untuk {region}.",availability
id,"Apakah {name} punya opsi gratis?","Di kategori ini paket gratis untuk pemakaian dasar cukup umum, sementara fitur lanjutan ada di paket berbayar. Cek bagian harga di halaman resmi.",pricing
id,"Metode pembayaran apa yang bisa dipakai di {region}?","Checkout lokal biasanya menerima {payments}. Daftar pastinya tergantung jenis akun dan bisa berbeda antara web dan ponsel.",payment
id,"Berapa lama proses setup?","Bagi pengguna baru, setup dasar umumnya selesai dalam beberapa menit lewat browser ponsel. Verifikasi tambahan bisa menambah waktu.",setup
id,"Apakah perlu kartu kredit untuk mulai?","Paket gratis biasanya tidak memerlukannya, sedangkan upgrade berbayar iya. Konfirmasi di layar pembayaran sebelum mengisi data.",payment
id,"Apakah {name} aman dipakai?","Perlakukan seperti layanan pihak ketiga lainnya: baca halaman privasi, jangan pakai ulang kata sandi, dan hindari menaruh berkas sensitif di ruang kerja bersama.",safety
id,"Apa alternatif utamanya?","Biasanya ada beberapa pilihan sebanding. Bandingkan harga dalam {currency}, dukungan bahasa, dan ketersediaan regional sebelum memutuskan.",comparison
id,"Apakah ada versi ponsel?","Sebagian besar bisa dipakai lewat browser ponsel dan beberapa punya aplikasi sendiri. Kesamaan fitur keduanya tidak dijamin.",platform
id,"Bisakah dibatalkan nanti?","Paket berbayar umumnya bisa dibatalkan dari pengaturan akun. Ketentuan pengembalian dana berbeda-beda, baca dulu sebelum upgrade.",pricing
id,"Apakah antarmukanya berbahasa Indonesia?","Bahasa lokal cukup umum tetapi tidak selalu ada, dan sebagian menu bisa tetap berbahasa Inggris. Halaman resmi biasanya mencantumkan daftar bahasa.",language
id,"Apakah harga ditampilkan dalam {currency}?","Mata uang yang tampil bergantung pada region yang terdeteksi dan pengaturan akun. Bisa ada biaya konversi bila penagihan memakai mata uang lain.",pricing
id,"Seberapa sering entri ini diperbarui?","Entri diperbarui saat sumbernya merilis perubahan, jadi cek ulang halaman resmi untuk hal yang sensitif waktu.",meta
id,"Paling cocok untuk siapa?","Terutama untuk pengguna baru yang ingin membandingkan pilihan sebelum mengeluarkan waktu atau biaya.",audience
id,"Apakah cocok untuk tim kecil?","Pemakaian tim kecil umum di paket berbayar, sedangkan paket gratis biasanya membatasi jumlah pengguna atau ruang kerja bersama.",audience
id,"Apa yang perlu dicek sebelum mendaftar?","Pastikan ketersediaan regional, harga terkini dalam {currency}, metode pembayaran yang diterima, dan apakah paket gratis sudah cukup.",setup
id,"Apakah ada batas pemakaian?","Paket gratis hampir selalu punya batas volume atau frekuensi. Pemakaian berat bisa menyentuh batas itu tanpa pemberitahuan.",limits
